{
    "required": true,
    "minVersion": "0.8",
    "package": "com.shroomclient.shroomclientnextgen.mixin",
    "compatibilityLevel": "JAVA_17",
    "mixins": [
        "AbstractBlockMixin",
        "BedBlockMixin",
        "ChatMessageC2SPacketAccessor",
        "ChunkMixin",
        "ClientConnectionAccessor",
        "ClientConnectionMixin",
        "EntityAccessor",
        "EntityMixin",
        "EntityVelocityUpdateS2CPacketAccessor",
        "ExplosionS2CPacketAccessor",
        "GenericContainerScreenHandlerAccessor",
        "MinecraftClientMixin",
        "PlayerInteractEntityC2SPacketAccessor",
        "PlayerMoveC2SPacketAccessor",
        "SlimeBlockMixin",
        "TitleScreenMixin",
        "TrackedPositionAccessor"
    ],
    "client": [
        "AbstractClientPlayerEntityMixin",
        "CameraMixin",
        "ClientPlayerEntityAccessor",
        "ClientPlayerEntityMixin",
        "ClientPlayerInteractionManagerAccessor",
        "ClientWorldMixin",
        "ClientWorldPropertiesMixin",
        "DrawContextMixin",
        "EntityRendererMixin",
        "GameRendererMixin",
        "HeldItemRendererMixin",
        "InGameHudMixin",
        "InGameOverlayRendererMixin",
        "InputMixin",
        "KeybindingAccessor",
        "KeyboardInputMixin",
        "KeyboardMixin",
        "LightmapTextureManagerMixin",
        "LivingEntityMixin",
        "LivingEntityRendererMixin",
        "MinecraftClientMixin",
        "MobEntityRendererMixin",
        "MouseAccessor",
        "MouseMixin",
        "ParentElementMixin",
        "PlayerEntityMixin",
        "RenderTickCounterMixin",
        "ScreenMixin",
        "SkinTexturesMixin",
        "TextVisitFactoryMixin",
        "WorldRendererMixin"
    ],
    "injectors": {
        "defaultRequire": 1
    }
}
